Primer,Tm,Homodimer,Hairpin
TACGTCAATCCCAGAACGCT,56.98,Tak,Nie
GACAACATGGGCGAATTGGA,56.70,Tak,Nie
AGTTTCCTTCACCCGTCCTT,56.74,Tak,Nie
TAGTGATCACTGCCCACGTA,56.04,Tak,Tak
CCGTGTACTGGTTAAGCTCA,55.14,Tak,Nie
CCGCCTACGACATACGAAAA,55.97,Tak,Tak
CGGTTCTGTAACTGTCGCTA,55.25,Tak,Tak
CATACCACTCCTCTCCTGAA,53.53,Tak,Nie
CGTCGGCAATTTAGATTGCG,56.15,Tak,Tak
CTAAGTCGAGTCAGGGATGT,53.96,Tak,Nie
GCGACGGTAAATGAACTTGC,56.00,Tak,Nie
GTTAGGGCTTCGACAATCTC,53.83,Tak,Nie
AGGTCCAACTTAGGGGAGAA,55.14,Tak,Tak
GCCAGTAATCGTTCCACGTT,56.44,Tak,Tak
GCGCAGGTACACAATTTTCG,56.28,Tak,Nie
CAAGCCAAATCACAAAGGGG,55.42,Tak,Nie
AGGGCTAACCTAGAATCTCC,53.27,Tak,Tak
GGTCCGAAGGTCTAGATCAA,53.94,Tak,Tak
TACCTTCACCTAAGACGCGT,56.34,Tak,Tak
CCAGTATTGTCGAGGGTACT,53.94,Tak,Nie
TCCAGAACACCCCAAGTGAT,56.43,Tak,Tak
CCAAACACAGGAGAGGTAAC,53.56,Tak,Nie
TTTCCTACAGTCCGGCTTTC,55.41,Tak,Nie
ACAGAACCCTGGGCAGTATT,56.50,Tak,Tak
TTCATCGAGGCACATCTTGC,56.50,Tak,Tak
CGAACGTGTGTTCGACAACT,56.96,Tak,Tak
CTTATTATCCAGATCGCCGC,54.14,Tak,Nie
CACGAATTTGCTAAGGGAGC,55.04,Tak,Tak
TTACTCGTCCAGTAGTGGGA,54.99,Tak,Tak
GAAAGCTGGGATTTAGCACC,54.64,Tak,Tak
GGTGTTTCTAAATGTCCCGG,54.30,Tak,Nie
CCTAGGTCTGTAAAAGCGCT,55.20,Tak,Nie
AAGGATTGAGCCAAGCGTAG,55.85,Tak,Tak
ATCAAACGATCCCCTGGAAC,55.46,Tak,Tak
GCCAAATCACAGGCACACAT,57.27,Tak,Tak
AGCCGGATACTCGAGATGAT,55.67,Tak,Nie
GATGGCCCTTATTTTCCGCT,56.18,Tak,Nie
CAGGTGATGAAGCCGTTACT,55.49,Tak,Nie
TGCTACCGCAACTATGTTCG,56.24,Tak,Tak
TTAGGGTCGAGAACAAGAGC,54.84,Tak,Nie
CTTGGGTACCGTTTGACACA,55.92,Tak,Tak
TCACTTGTACGAAATCCGCC,56.16,Tak,Tak
GGTCGGGGTTCTACTCATAT,53.69,Tak,Nie
CCCACGAATTGATGGCGATT,56.85,Tak,Tak
CTAGCTCTGAGCTTCGGTTT,55.21,Tak,Tak
TAGTTGGGGTGATAGAGCAG,53.91,Tak,Nie
TGCGTATGTCAACGCATGAG,56.88,Tak,Tak
CACAGTCAGCTTCAGTAGTC,53.42,Tak,Nie
GAGACCTATAAACGCGAGTC,53.40,Tak,Tak
GAAGAAAGAGGGAAGGCTGT,55.01,Tak,Nie
TGTGAAAGCGCATCGAACAG,57.36,Tak,Nie
TACTACTTGGTCCTGGGATG,53.51,Tak,Nie
AGAGATTGGCAAGCTGTACG,55.86,Tak,Nie
CCCACACCAAAGAGTTGGAA,55.81,Tak,Tak
TGACGGAACCAAACGTAGTG,56.02,Tak,Tak
GTTGGAATGCGTCTCATGTG,55.34,Tak,Tak
ATCACCTGGACCATGGGTAT,55.66,Tak,Tak
AGCGACACGCTATTAACTCG,56.05,Tak,Tak
CGGAGTAGTCCATCTGACAT,54.03,Tak,Tak
CGCTGTATACCCATTTCCCT,54.95,Tak,Nie
GGAGGCATGAAATGAGTTGC,55.30,Tak,Tak
TGATCCCGTTCAATCTTCGC,56.23,Tak,Nie
CCTTAGTCTTTGTGTGTCCC,53.56,Tak,Nie
GCACTCGGTCTTTCATGGTT,56.35,Tak,Nie
GCACTGTAGAGGCGATGTTA,55.30,Tak,Nie
GGGTTGAAAAGTGAGAGGCA,55.90,Tak,Nie
GCACAGGTCCTGTTTCTAAG,53.94,Tak,Tak
GGCACGACGTGATAAACTCT,55.89,Tak,Tak
TCTAGGAGGATATGTGGCTG,53.38,Tak,Nie
AATACGAGCATCAGCGACCT,57.13,Tak,Tak
CGGGGCTTCTTGCTCTAATA,54.97,Tak,Tak
GTCTTTTAATCCTCAGCCGC,54.76,Tak,Nie
GATGCATGCGACAAACAGGA,57.07,Tak,Nie
ACGAGCTATACGCCTATCAG,54.31,Tak,Tak
TAACAGAGCCTATCGTGTCC,54.34,Tak,Nie
GCGACTTATCATCCGAATGG,54.36,Tak,Tak
GGCAGCATTGTGGTACTTAG,54.38,Tak,Nie
TCAATCCGGGCAGAGATTCT,56.38,Tak,Tak
GTGGGCCAACCATATACCTA,54.24,Tak,Tak
AGACATCCATTGACGCGAGA,57.06,Tak,Nie
TAGGGCCCTGTCATAACATC,54.26,Tak,Tak
CCAGTGCCAGGAATCATATG,53.83,Tak,Nie
TGGCTCGATTCCGACAAAGA,57.27,Tak,Tak
TTGAGACAGACCCTCCTGAA,55.48,Tak,Tak
CAAGCAGCAAGCAAACGAAG,56.75,Tak,Tak
CTCAGTTGCCATGCATAACC,55.02,Tak,Tak
CTCCCAACAAAGTTAGTGGG,53.82,Tak,Tak
AGCAGCGATCTCTTAGGTTG,55.28,Tak,Nie
ATCAGAGCATGGAGCCATGT,57.03,Tak,Tak
AACGAAACGTCATCACTGGC,57.01,Tak,Tak
CTGTTGTCAACGTTTGCACG,56.70,Tak,Tak
CCTTTCTCAGTGCCGAAACT,55.99,Tak,Nie
CTTGCTCCATTGTGCTAGCA,56.42,Tak,Tak
CCACTTGTTCAAATCCGGTG,55.17,Tak,Nie
CAAGCGGAACCACGAAAAGT,57.22,Tak,Tak
CGGAATACGGCATTAGATGG,54.05,Tak,Tak
GTACGAGTTCGTTAAGGTGG,53.81,Tak,Tak
GCCTTTATTCTGGCAACTGC,55.59,Tak,Tak
TCTCCTGAGCCCATAGAAAC,54.20,Tak,Nie
GAACCAGAACCTGTTCAGTC,53.87,Tak,Tak
